<code_scheme name="Default" version="173">
  <option name="AUTODETECT_INDENTS" value="false" />
  <option name="RIGHT_MARGIN" value="100" />
  <option name="WRAP_WHEN_TYPING_REACHES_RIGHT_MARGIN" value="true" />
  <option name="SOFT_MARGINS" value="80" />
  <Objective-C>
    <option name="INDENT_NAMESPACE_MEMBERS" value="2" />
    <option name="INDENT_C_STRUCT_MEMBERS" value="2" />
    <option name="INDENT_CLASS_MEMBERS" value="2" />
    <option name="INDENT_VISIBILITY_KEYWORDS" value="1" />
    <option name="INDENT_INSIDE_CODE_BLOCK" value="2" />
    <option name="CLASS_CONSTRUCTOR_INIT_LIST_NEW_LINE_BEFORE_COLON" value="1" />
    <option name="SUPERCLASS_LIST_BEFORE_COLON" value="1" />
    <option name="SPACE_AFTER_POINTER_IN_DECLARATION" value="true" />
  </Objective-C>
  <codeStyleSettings language="ObjectiveC">
    <option name="RIGHT_MARGIN" value="80" />
    <option name="BLANK_LINES_AROUND_METHOD_IN_INTERFACE" value="0" />
    <option name="SPACE_BEFORE_IF_PARENTHESES" value="false" />
    <option name="SPACE_BEFORE_WHILE_PARENTHESES" value="false" />
    <option name="SPACE_BEFORE_FOR_PARENTHESES" value="false" />
    <option name="SPACE_BEFORE_CATCH_PARENTHESES" value="false" />
    <option name="SPACE_BEFORE_SWITCH_PARENTHESES" value="false" />
    <option name="WRAP_ON_TYPING" value="0" />
    <indentOptions>
      <option name="INDENT_SIZE" value="2" />
      <option name="CONTINUATION_INDENT_SIZE" value="2" />
      <option name="TAB_SIZE" value="2" />
    </indentOptions>
  </codeStyleSettings>
</code_scheme>